,ID,html_data
0,1,"<div class=""smalltext modified"" id=""modified_36531"">
								« <em>Last Edit: August 28, 2021, 06:25:19 am by traitorAIZEN</em> »
							</div>"
1,2,"<div class=""smalltext modified"" id=""modified_34830"">
								« <em>Last Edit: August 25, 2021, 06:59:43 am by traitorAIZEN</em> »
							</div>"
2,3,"<div class=""smalltext modified"" id=""modified_31965"">
								« <em>Last Edit: September 01, 2021, 12:46:08 am by traitorAIZEN</em> »
							</div>"
3,5,"<div class=""smalltext modified"" id=""modified_36643"">
								« <em>Last Edit: January 13, 2021, 10:25:32 am by traitorAIZEN</em> »
							</div>"
4,10,"<div class=""smalltext modified"" id=""modified_21229"">
								« <em>Last Edit: October 19, 2020, 07:45:52 pm by traitorAIZEN</em> »
							</div>"
5,11,"<div class=""smalltext modified"" id=""modified_20755"">
								« <em>Last Edit: July 10, 2021, 10:06:41 am by traitorAIZEN</em> »
							</div>"
6,13,"<div class=""smalltext modified"" id=""modified_35488"">
								« <em>Last Edit: May 21, 2021, 03:33:01 am by traitorAIZEN</em> »
							</div>"
7,14,"<div class=""smalltext modified"" id=""modified_23727"">
								« <em>Last Edit: October 19, 2020, 08:12:21 pm by traitorAIZEN</em> »
							</div>"
8,15,"<div class=""smalltext modified"" id=""modified_17691"">
								« <em>Last Edit: January 02, 2022, 06:27:59 am by traitorAIZEN</em> »
							</div>"
9,17,"<div class=""smalltext modified"" id=""modified_33558"">
								« <em>Last Edit: December 29, 2021, 12:58:59 pm by traitorAIZEN</em> »
							</div>"
10,21,"<div class=""smalltext modified"" id=""modified_18201"">
								« <em>Last Edit: November 25, 2021, 01:11:30 pm by traitorAIZEN</em> »
							</div>"
11,22,"<div class=""smalltext modified"" id=""modified_34092"">
								« <em>Last Edit: December 07, 2021, 02:59:29 am by traitorAIZEN</em> »
							</div>"
12,25,"<div class=""smalltext modified"" id=""modified_23894"">
								« <em>Last Edit: February 10, 2021, 04:48:16 am by traitorAIZEN</em> »
							</div>"
13,28,"<div class=""smalltext modified"" id=""modified_22750"">
								« <em>Last Edit: October 19, 2020, 08:08:32 pm by traitorAIZEN</em> »
							</div>"
14,30,"<div class=""smalltext modified"" id=""modified_32169"">
								« <em>Last Edit: October 19, 2020, 09:19:34 pm by traitorAIZEN</em> »
							</div>"
15,31,"<div class=""smalltext modified"" id=""modified_27595"">
								« <em>Last Edit: October 07, 2021, 05:41:46 pm by traitorAIZEN</em> »
							</div>"
16,33,"<div class=""smalltext modified"" id=""modified_36334"">
								« <em>Last Edit: October 19, 2020, 10:28:04 pm by traitorAIZEN</em> »
							</div>"
17,37,"<div class=""smalltext modified"" id=""modified_37418"">
								« <em>Last Edit: October 19, 2020, 11:02:55 pm by traitorAIZEN</em> »
							</div>"
18,39,"<div class=""smalltext modified"" id=""modified_32022"">
								« <em>Last Edit: October 16, 2021, 02:50:26 pm by traitorAIZEN</em> »
							</div>"
19,40,"<div class=""smalltext modified"" id=""modified_20652"">
								« <em>Last Edit: October 19, 2020, 07:38:38 pm by traitorAIZEN</em> »
							</div>"
20,42,"<div class=""smalltext modified"" id=""modified_22427"">
								« <em>Last Edit: October 19, 2020, 08:02:45 pm by traitorAIZEN</em> »
							</div>"
21,43,"<div class=""smalltext modified"" id=""modified_32388"">
								« <em>Last Edit: July 08, 2021, 06:34:33 pm by traitorAIZEN</em> »
							</div>"
22,45,"<div class=""smalltext modified"" id=""modified_36853"">
								« <em>Last Edit: August 29, 2021, 07:19:23 am by traitorAIZEN</em> »
							</div>"
23,51,"<div class=""smalltext modified"" id=""modified_27701"">
								« <em>Last Edit: July 27, 2021, 08:08:57 pm by traitorAIZEN</em> »
							</div>"
24,55,"<div class=""smalltext modified"" id=""modified_26581"">
								« <em>Last Edit: October 19, 2020, 08:31:54 pm by traitorAIZEN</em> »
							</div>"
25,56,"<div class=""smalltext modified"" id=""modified_36743"">
								« <em>Last Edit: November 14, 2021, 05:45:34 am by traitorAIZEN</em> »
							</div>"
26,57,"<div class=""smalltext modified"" id=""modified_32748"">
								« <em>Last Edit: October 19, 2020, 09:29:25 pm by traitorAIZEN</em> »
							</div>"
27,59,"<div class=""smalltext modified"" id=""modified_36098"">
								« <em>Last Edit: November 19, 2021, 05:12:01 am by traitorAIZEN</em> »
							</div>"
28,60,"<div class=""smalltext modified"" id=""modified_22225"">
								« <em>Last Edit: May 23, 2021, 06:10:32 am by traitorAIZEN</em> »
							</div>"
29,63,"<div class=""smalltext modified"" id=""modified_38025"">
								« <em>Last Edit: October 19, 2020, 11:15:27 pm by traitorAIZEN</em> »
							</div>"
30,66,"<div class=""smalltext modified"" id=""modified_37145"">
								« <em>Last Edit: October 19, 2020, 10:58:20 pm by traitorAIZEN</em> »
							</div>"
31,68,"<div class=""smalltext modified"" id=""modified_29244"">
								« <em>Last Edit: October 19, 2020, 08:59:13 pm by traitorAIZEN</em> »
							</div>"
32,71,"<div class=""smalltext modified"" id=""modified_25314"">
								« <em>Last Edit: October 19, 2020, 08:25:20 pm by traitorAIZEN</em> »
							</div>"
33,74,"<div class=""smalltext modified"" id=""modified_34264"">
								« <em>Last Edit: October 19, 2020, 09:54:19 pm by traitorAIZEN</em> »
							</div>"
34,78,"<div class=""smalltext modified"" id=""modified_31245"">
								« <em>Last Edit: January 07, 2021, 10:11:27 pm by traitorAIZEN</em> »
							</div>"
35,82,"<div class=""smalltext modified"" id=""modified_29115"">
								« <em>Last Edit: October 19, 2020, 08:58:33 pm by traitorAIZEN</em> »
							</div>"
36,83,"<div class=""smalltext modified"" id=""modified_19122"">
								« <em>Last Edit: October 19, 2020, 07:11:13 pm by traitorAIZEN</em> »
							</div>"
37,84,"<div class=""smalltext modified"" id=""modified_26897"">
								« <em>Last Edit: March 09, 2021, 08:34:50 am by traitorAIZEN</em> »
							</div>"
38,86,"<div class=""smalltext modified"" id=""modified_35666"">
								« <em>Last Edit: November 16, 2021, 11:38:47 am by traitorAIZEN</em> »
							</div>"
39,93,"<div class=""smalltext modified"" id=""modified_18228"">
								« <em>Last Edit: October 19, 2020, 07:18:28 pm by traitorAIZEN</em> »
							</div>"
40,95,"<div class=""smalltext modified"" id=""modified_38108"">
								« <em>Last Edit: September 06, 2021, 05:47:44 am by traitorAIZEN</em> »
							</div>"
41,96,"<div class=""smalltext modified"" id=""modified_22570"">
								« <em>Last Edit: January 20, 2022, 07:32:15 pm by traitorAIZEN</em> »
							</div>"
42,100,"<div class=""smalltext modified"" id=""modified_33365"">
								« <em>Last Edit: October 20, 2018, 03:32:14 pm by traitorAIZEN</em> »
							</div>"
43,107,"<div class=""smalltext modified"" id=""modified_19284"">
								« <em>Last Edit: June 22, 2021, 06:39:29 am by traitorAIZEN</em> »
							</div>"
44,108,"<div class=""smalltext modified"" id=""modified_24065"">
								« <em>Last Edit: September 24, 2021, 10:08:03 am by traitorAIZEN</em> »
							</div>"
45,110,"<div class=""smalltext modified"" id=""modified_36641"">
								« <em>Last Edit: November 15, 2021, 05:23:03 pm by traitorAIZEN</em> »
							</div>"
46,112,"<div class=""smalltext modified"" id=""modified_37960"">
								« <em>Last Edit: October 19, 2020, 11:12:49 pm by traitorAIZEN</em> »
							</div>"
47,114,"<div class=""smalltext modified"" id=""modified_22419"">
								« <em>Last Edit: September 05, 2021, 11:27:04 am by traitorAIZEN</em> »
							</div>"
48,116,"<div class=""smalltext modified"" id=""modified_17682"">
								« <em>Last Edit: December 20, 2021, 08:07:28 am by traitorAIZEN</em> »
							</div>"
49,121,"<div class=""smalltext modified"" id=""modified_22207"">
								« <em>Last Edit: October 19, 2020, 07:56:00 pm by traitorAIZEN</em> »
							</div>"
50,122,"<div class=""smalltext modified"" id=""modified_31307"">
								« <em>Last Edit: October 19, 2020, 09:09:34 pm by traitorAIZEN</em> »
							</div>"
51,124,"<div class=""smalltext modified"" id=""modified_21827"">
								« <em>Last Edit: October 19, 2020, 07:54:05 pm by traitorAIZEN</em> »
							</div>"
52,125,"<div class=""smalltext modified"" id=""modified_35964"">
								« <em>Last Edit: October 18, 2021, 05:32:20 pm by traitorAIZEN</em> »
							</div>"
53,128,"<div class=""smalltext modified"" id=""modified_22210"">
								« <em>Last Edit: July 12, 2021, 02:02:41 am by traitorAIZEN</em> »
							</div>"
54,135,"<div class=""smalltext modified"" id=""modified_22210"">
								« <em>Last Edit: July 12, 2021, 02:02:41 am by traitorAIZEN</em> »
							</div>"
55,139,"<div class=""smalltext modified"" id=""modified_36336"">
								« <em>Last Edit: October 19, 2020, 10:25:20 pm by traitorAIZEN</em> »
							</div>"
56,143,"<div class=""smalltext modified"" id=""modified_19263"">
								« <em>Last Edit: November 03, 2021, 05:04:54 am by traitorAIZEN</em> »
							</div>"
57,144,"<div class=""smalltext modified"" id=""modified_21198"">
								« <em>Last Edit: October 19, 2020, 07:45:24 pm by traitorAIZEN</em> »
							</div>"
58,145,"<div class=""smalltext modified"" id=""modified_21338"">
								« <em>Last Edit: November 29, 2020, 12:02:56 pm by traitorAIZEN</em> »
							</div>"
59,146,"<div class=""smalltext modified"" id=""modified_36100"">
								« <em>Last Edit: October 20, 2021, 06:09:43 pm by traitorAIZEN</em> »
							</div>"
60,147,"<div class=""smalltext modified"" id=""modified_38061"">
								« <em>Last Edit: December 14, 2021, 12:08:03 pm by traitorAIZEN</em> »
							</div>"
61,150,"<div class=""smalltext modified"" id=""modified_24320"">
								« <em>Last Edit: November 28, 2020, 06:15:52 pm by traitorAIZEN</em> »
							</div>"
62,151,"<div class=""smalltext modified"" id=""modified_36747"">
								« <em>Last Edit: November 11, 2021, 09:17:08 am by traitorAIZEN</em> »
							</div>"
63,152,"<div class=""smalltext modified"" id=""modified_18346"">
								« <em>Last Edit: October 19, 2020, 07:16:16 pm by traitorAIZEN</em> »
							</div>"
64,154,"<div class=""smalltext modified"" id=""modified_37028"">
								« <em>Last Edit: January 07, 2021, 10:10:58 pm by traitorAIZEN</em> »
							</div>"
65,155,"<div class=""smalltext modified"" id=""modified_33375"">
								« <em>Last Edit: December 12, 2021, 06:08:56 am by traitorAIZEN</em> »
							</div>"
66,160,"<div class=""smalltext modified"" id=""modified_23680"">
								« <em>Last Edit: January 18, 2022, 11:36:32 pm by traitorAIZEN</em> »
							</div>"
67,164,"<div class=""smalltext modified"" id=""modified_22748"">
								« <em>Last Edit: October 19, 2020, 08:08:48 pm by traitorAIZEN</em> »
							</div>"
68,165,"<div class=""smalltext modified"" id=""modified_35380"">
								« <em>Last Edit: August 23, 2021, 08:20:10 am by traitorAIZEN</em> »
							</div>"
69,167,"<div class=""smalltext modified"" id=""modified_21888"">
								« <em>Last Edit: October 19, 2020, 07:54:18 pm by traitorAIZEN</em> »
							</div>"
70,169,"<div class=""smalltext modified"" id=""modified_26896"">
								« <em>Last Edit: October 19, 2020, 08:36:18 pm by traitorAIZEN</em> »
							</div>"
71,173,"<div class=""smalltext modified"" id=""modified_32387"">
								« <em>Last Edit: October 12, 2021, 05:11:00 pm by traitorAIZEN</em> »
							</div>"
72,175,"<div class=""smalltext modified"" id=""modified_21472"">
								« <em>Last Edit: October 19, 2020, 07:49:51 pm by traitorAIZEN</em> »
							</div>"
73,176,"<div class=""smalltext modified"" id=""modified_37280"">
								« <em>Last Edit: October 19, 2020, 07:50:30 pm by traitorAIZEN</em> »
							</div>"
74,180,"<div class=""smalltext modified"" id=""modified_22472"">
								« <em>Last Edit: October 19, 2020, 08:04:46 pm by traitorAIZEN</em> »
							</div>"
75,181,"<div class=""smalltext modified"" id=""modified_19202"">
								« <em>Last Edit: November 30, 2021, 07:47:41 am by traitorAIZEN</em> »
							</div>"
76,182,"<div class=""smalltext modified"" id=""modified_27085"">
								« <em>Last Edit: January 19, 2022, 07:46:59 pm by traitorAIZEN</em> »
							</div>"
77,183,"<div class=""smalltext modified"" id=""modified_18475"">
								« <em>Last Edit: February 01, 2021, 08:54:13 am by traitorAIZEN</em> »
							</div>"
78,184,"<div class=""smalltext modified"" id=""modified_19384"">
								« <em>Last Edit: June 30, 2021, 08:45:23 pm by traitorAIZEN</em> »
							</div>"
79,186,"<div class=""smalltext modified"" id=""modified_22345"">
								« <em>Last Edit: October 19, 2020, 08:01:24 pm by traitorAIZEN</em> »
							</div>"
80,187,"<div class=""smalltext modified"" id=""modified_37899"">
								« <em>Last Edit: July 21, 2021, 07:49:33 am by traitorAIZEN</em> »
							</div>"
81,189,"<div class=""smalltext modified"" id=""modified_36182"">
								« <em>Last Edit: December 09, 2021, 09:47:27 am by traitorAIZEN</em> »
							</div>"
82,190,"<div class=""smalltext modified"" id=""modified_22428"">
								« <em>Last Edit: October 29, 2020, 05:21:34 pm by traitorAIZEN</em> »
							</div>"
83,196,"<div class=""smalltext modified"" id=""modified_21774"">
								« <em>Last Edit: October 19, 2020, 07:53:32 pm by traitorAIZEN</em> »
							</div>"
84,197,"<div class=""smalltext modified"" id=""modified_17546"">
								« <em>Last Edit: October 19, 2020, 07:18:43 pm by traitorAIZEN</em> »
							</div>"
85,198,"<div class=""smalltext modified"" id=""modified_33604"">
								« <em>Last Edit: October 19, 2020, 09:40:22 pm by traitorAIZEN</em> »
							</div>"
86,199,"<div class=""smalltext modified"" id=""modified_37180"">
								« <em>Last Edit: January 12, 2021, 11:07:08 am by traitorAIZEN</em> »
							</div>"
87,201,"<div class=""smalltext modified"" id=""modified_19338"">
								« <em>Last Edit: October 19, 2020, 07:26:12 pm by traitorAIZEN</em> »
							</div>"
88,202,"<div class=""smalltext modified"" id=""modified_22505"">
								« <em>Last Edit: September 11, 2021, 05:25:25 am by traitorAIZEN</em> »
							</div>"
89,203,"<div class=""smalltext modified"" id=""modified_23895"">
								« <em>Last Edit: October 19, 2020, 08:16:04 pm by traitorAIZEN</em> »
							</div>"
90,204,"<div class=""smalltext modified"" id=""modified_19104"">
								« <em>Last Edit: January 08, 2017, 03:05:16 am by traitorAIZEN</em> »
							</div>"
91,205,"<div class=""smalltext modified"" id=""modified_25315"">
								« <em>Last Edit: May 14, 2021, 03:29:37 pm by traitorAIZEN</em> »
							</div>"
92,208,"<div class=""smalltext modified"" id=""modified_36644"">
								« <em>Last Edit: August 03, 2021, 09:55:58 pm by traitorAIZEN</em> »
							</div>"
93,211,"<div class=""smalltext modified"" id=""modified_24921"">
								« <em>Last Edit: October 19, 2020, 08:24:43 pm by traitorAIZEN</em> »
							</div>"
94,215,"<div class=""smalltext modified"" id=""modified_38377"">
								« <em>Last Edit: April 22, 2021, 08:13:38 pm by traitorAIZEN</em> »
							</div>"
95,219,"<div class=""smalltext modified"" id=""modified_17562"">
								« <em>Last Edit: October 19, 2020, 07:19:34 pm by traitorAIZEN</em> »
							</div>"
96,221,"<div class=""smalltext modified"" id=""modified_28166"">
								« <em>Last Edit: October 20, 2021, 06:11:18 pm by traitorAIZEN</em> »
							</div>"
97,224,"<div class=""smalltext modified"" id=""modified_19028"">
								« <em>Last Edit: November 26, 2021, 04:32:24 am by traitorAIZEN</em> »
							</div>"
98,226,"<div class=""smalltext modified"" id=""modified_21056"">
								« <em>Last Edit: October 19, 2020, 07:21:52 pm by traitorAIZEN</em> »
							</div>"
99,227,"<div class=""smalltext modified"" id=""modified_19130"">
								« <em>Last Edit: January 29, 2021, 10:36:09 am by traitorAIZEN</em> »
							</div>"
100,232,"<div class=""smalltext modified"" id=""modified_21737"">
								« <em>Last Edit: December 28, 2021, 06:41:27 pm by traitorAIZEN</em> »
							</div>"
101,233,"<div class=""smalltext modified"" id=""modified_29627"">
								« <em>Last Edit: October 23, 2021, 04:22:06 pm by traitorAIZEN</em> »
							</div>"
102,236,"<div class=""smalltext modified"" id=""modified_35509"">
								« <em>Last Edit: October 06, 2021, 10:19:13 am by traitorAIZEN</em> »
							</div>"
103,237,"<div class=""smalltext modified"" id=""modified_26898"">
								« <em>Last Edit: October 19, 2020, 08:45:04 pm by traitorAIZEN</em> »
							</div>"
104,238,"<div class=""smalltext modified"" id=""modified_29113"">
								« <em>Last Edit: December 02, 2021, 05:27:42 am by traitorAIZEN</em> »
							</div>"
105,246,"<div class=""smalltext modified"" id=""modified_23732"">
								« <em>Last Edit: October 19, 2020, 08:14:16 pm by traitorAIZEN</em> »
							</div>"
106,247,"<div class=""smalltext modified"" id=""modified_21887"">
								« <em>Last Edit: October 19, 2020, 07:55:23 pm by traitorAIZEN</em> »
							</div>"
107,248,"<div class=""smalltext modified"" id=""modified_26899"">
								« <em>Last Edit: July 26, 2021, 08:56:14 pm by traitorAIZEN</em> »
							</div>"
108,251,"<div class=""smalltext modified"" id=""modified_17544"">
								« <em>Last Edit: June 02, 2021, 06:58:13 am by traitorAIZEN</em> »
							</div>"
109,252,"<div class=""smalltext modified"" id=""modified_18345"">
								« <em>Last Edit: January 25, 2021, 09:13:28 am by traitorAIZEN</em> »
							</div>"
110,257,"<div class=""smalltext modified"" id=""modified_22504"">
								« <em>Last Edit: January 06, 2021, 07:06:40 pm by traitorAIZEN</em> »
							</div>"
111,259,"<div class=""smalltext modified"" id=""modified_17565"">
								« <em>Last Edit: March 08, 2021, 08:18:15 am by traitorAIZEN</em> »
							</div>"
112,260,"<div class=""smalltext modified"" id=""modified_35485"">
								« <em>Last Edit: November 26, 2021, 04:33:32 am by traitorAIZEN</em> »
							</div>"
113,261,"<div class=""smalltext modified"" id=""modified_35613"">
								« <em>Last Edit: October 19, 2020, 10:11:46 pm by traitorAIZEN</em> »
							</div>"
114,264,"<div class=""smalltext modified"" id=""modified_37661"">
								« <em>Last Edit: December 02, 2021, 05:28:30 am by traitorAIZEN</em> »
							</div>"
115,265,"<div class=""smalltext modified"" id=""modified_22473"">
								« <em>Last Edit: October 19, 2020, 09:51:37 pm by traitorAIZEN</em> »
							</div>"
116,270,"<div class=""smalltext modified"" id=""modified_31161"">
								« <em>Last Edit: October 19, 2020, 09:04:09 pm by traitorAIZEN</em> »
							</div>"
117,272,"<div class=""smalltext modified"" id=""modified_25316"">
								« <em>Last Edit: July 07, 2021, 10:51:04 am by traitorAIZEN</em> »
							</div>"
118,273,"<div class=""smalltext modified"" id=""modified_31856"">
								« <em>Last Edit: December 02, 2021, 05:29:41 am by traitorAIZEN</em> »
							</div>"
119,274,"<div class=""smalltext modified"" id=""modified_19334"">
								« <em>Last Edit: August 09, 2021, 05:23:16 pm by traitorAIZEN</em> »
							</div>"
120,275,"<div class=""smalltext modified"" id=""modified_32263"">
								« <em>Last Edit: December 11, 2021, 07:38:37 am by traitorAIZEN</em> »
							</div>"
121,276,"<div class=""smalltext modified"" id=""modified_22715"">
								« <em>Last Edit: October 19, 2020, 08:48:05 pm by traitorAIZEN</em> »
							</div>"
122,277,"<div class=""smalltext modified"" id=""modified_32628"">
								« <em>Last Edit: September 01, 2021, 12:47:08 am by traitorAIZEN</em> »
							</div>"
123,278,"<div class=""smalltext modified"" id=""modified_36577"">
								« <em>Last Edit: December 19, 2020, 11:31:42 am by traitorAIZEN</em> »
							</div>"
124,279,"<div class=""smalltext modified"" id=""modified_36890"">
								« <em>Last Edit: January 22, 2022, 03:18:47 pm by traitorAIZEN</em> »
							</div>"
125,282,"<div class=""smalltext modified"" id=""modified_36183"">
								« <em>Last Edit: December 27, 2021, 06:14:24 am by traitorAIZEN</em> »
							</div>"
126,284,"<div class=""smalltext modified"" id=""modified_26310"">
								« <em>Last Edit: November 10, 2020, 02:58:55 am by traitorAIZEN</em> »
							</div>"
127,286,"<div class=""smalltext modified"" id=""modified_37566"">
								« <em>Last Edit: October 19, 2020, 11:06:15 pm by traitorAIZEN</em> »
							</div>"
128,287,"<div class=""smalltext modified"" id=""modified_23291"">
								« <em>Last Edit: December 19, 2021, 05:46:11 am by traitorAIZEN</em> »
							</div>"
129,288,"<div class=""smalltext modified"" id=""modified_21494"">
								« <em>Last Edit: December 06, 2021, 04:41:06 am by traitorAIZEN</em> »
							</div>"
130,290,"<div class=""smalltext modified"" id=""modified_36089"">
								« <em>Last Edit: May 29, 2021, 04:16:48 am by traitorAIZEN</em> »
							</div>"
131,291,"<div class=""smalltext modified"" id=""modified_35487"">
								« <em>Last Edit: October 19, 2020, 10:08:17 pm by traitorAIZEN</em> »
							</div>"
132,292,"<div class=""smalltext modified"" id=""modified_32838"">
								« <em>Last Edit: October 19, 2020, 09:32:30 pm by traitorAIZEN</em> »
							</div>"
133,293,"<div class=""smalltext modified"" id=""modified_36565"">
								« <em>Last Edit: October 19, 2020, 10:32:42 pm by traitorAIZEN</em> »
							</div>"
134,295,"<div class=""smalltext modified"" id=""modified_35782"">
								« <em>Last Edit: October 22, 2021, 06:21:09 pm by traitorAIZEN</em> »
							</div>"
135,307,"<div class=""smalltext modified"" id=""modified_33922"">
								« <em>Last Edit: January 18, 2022, 11:39:58 pm by traitorAIZEN</em> »
							</div>"
136,308,"<div class=""smalltext modified"" id=""modified_34089"">
								« <em>Last Edit: November 10, 2021, 05:37:40 am by traitorAIZEN</em> »
							</div>"
137,309,"<div class=""smalltext modified"" id=""modified_34090"">
								« <em>Last Edit: January 18, 2022, 11:36:02 pm by traitorAIZEN</em> »
							</div>"
138,311,"<div class=""smalltext modified"" id=""modified_33461"">
								« <em>Last Edit: March 05, 2021, 09:14:46 am by traitorAIZEN</em> »
							</div>"
139,312,"<div class=""smalltext modified"" id=""modified_23598"">
								« <em>Last Edit: October 19, 2020, 08:11:38 pm by traitorAIZEN</em> »
							</div>"
140,316,"<div class=""smalltext modified"" id=""modified_17970"">
								« <em>Last Edit: December 27, 2021, 06:13:31 am by traitorAIZEN</em> »
							</div>"
141,319,"<div class=""smalltext modified"" id=""modified_21307"">
								« <em>Last Edit: October 19, 2020, 07:48:29 pm by traitorAIZEN</em> »
							</div>"
142,320,"<div class=""smalltext modified"" id=""modified_34384"">
								« <em>Last Edit: November 10, 2021, 05:37:20 am by traitorAIZEN</em> »
							</div>"
143,325,"<div class=""smalltext modified"" id=""modified_25624"">
								« <em>Last Edit: October 19, 2020, 08:26:48 pm by traitorAIZEN</em> »
							</div>"
144,329,"<div class=""smalltext modified"" id=""modified_22429"">
								« <em>Last Edit: January 16, 2022, 08:19:11 am by traitorAIZEN</em> »
							</div>"
145,330,"<div class=""smalltext modified"" id=""modified_37872"">
								« <em>Last Edit: March 25, 2021, 08:45:35 am by traitorAIZEN</em> »
							</div>"
146,332,"<div class=""smalltext modified"" id=""modified_21276"">
								« <em>Last Edit: October 19, 2020, 07:46:21 pm by traitorAIZEN</em> »
							</div>"
147,343,"<div class=""smalltext modified"" id=""modified_36851"">
								« <em>Last Edit: December 09, 2021, 09:48:01 am by traitorAIZEN</em> »
							</div>"
148,344,"<div class=""smalltext modified"" id=""modified_38080"">
								« <em>Last Edit: October 19, 2020, 11:16:33 pm by traitorAIZEN</em> »
							</div>"
149,346,"<div class=""smalltext modified"" id=""modified_37336"">
								« <em>Last Edit: October 06, 2021, 11:15:13 pm by traitorAIZEN</em> »
							</div>"
150,348,"<div class=""smalltext modified"" id=""modified_35102"">
								« <em>Last Edit: August 19, 2021, 05:58:17 pm by traitorAIZEN</em> »
							</div>"
151,354,"<div class=""smalltext modified"" id=""modified_36889"">
								« <em>Last Edit: August 10, 2021, 06:20:48 pm by traitorAIZEN</em> »
							</div>"
152,356,"<div class=""smalltext modified"" id=""modified_33761"">
								« <em>Last Edit: October 19, 2020, 09:45:03 pm by traitorAIZEN</em> »
							</div>"
153,357,"<div class=""smalltext modified"" id=""modified_23897"">
								« <em>Last Edit: October 19, 2020, 08:16:16 pm by traitorAIZEN</em> »
							</div>"
154,361,"<div class=""smalltext modified"" id=""modified_19354"">
								« <em>Last Edit: December 06, 2021, 04:43:47 am by traitorAIZEN</em> »
							</div>"
155,363,"<div class=""smalltext modified"" id=""modified_37877"">
								« <em>Last Edit: November 17, 2021, 11:24:13 am by traitorAIZEN</em> »
							</div>"
156,372,"<div class=""smalltext modified"" id=""modified_34051"">
								« <em>Last Edit: January 13, 2021, 10:24:36 am by traitorAIZEN</em> »
							</div>"
157,373,"<div class=""smalltext modified"" id=""modified_32190"">
								« <em>Last Edit: October 19, 2020, 09:21:59 pm by traitorAIZEN</em> »
							</div>"
158,374,"<div class=""smalltext modified"" id=""modified_20496"">
								« <em>Last Edit: September 21, 2021, 05:36:41 pm by traitorAIZEN</em> »
							</div>"
159,375,"<div class=""smalltext modified"" id=""modified_30359"">
								« <em>Last Edit: November 19, 2021, 05:12:31 am by traitorAIZEN</em> »
							</div>"
160,376,"<div class=""smalltext modified"" id=""modified_36693"">
								« <em>Last Edit: October 19, 2020, 10:49:38 pm by traitorAIZEN</em> »
							</div>"
161,377,"<div class=""smalltext modified"" id=""modified_31163"">
								« <em>Last Edit: December 11, 2021, 07:37:36 am by traitorAIZEN</em> »
							</div>"
162,380,"<div class=""smalltext modified"" id=""modified_30358"">
								« <em>Last Edit: October 19, 2020, 09:01:55 pm by traitorAIZEN</em> »
							</div>"
163,384,"<div class=""smalltext modified"" id=""modified_38060"">
								« <em>Last Edit: June 09, 2021, 07:35:26 am by traitorAIZEN</em> »
							</div>"
164,385,"<div class=""smalltext modified"" id=""modified_34214"">
								« <em>Last Edit: <strong>Yesterday</strong> at 07:43:43 am by traitorAIZEN</em> »
							</div>"
165,387,"<div class=""smalltext modified"" id=""modified_28165"">
								« <em>Last Edit: March 02, 2021, 09:32:52 am by traitorAIZEN</em> »
							</div>"
166,389,"<div class=""smalltext modified"" id=""modified_36912"">
								« <em>Last Edit: January 12, 2022, 07:17:22 pm by traitorAIZEN</em> »
							</div>"
167,391,"<div class=""smalltext modified"" id=""modified_27476"">
								« <em>Last Edit: October 16, 2021, 04:57:22 am by traitorAIZEN</em> »
							</div>"
168,393,"<div class=""smalltext modified"" id=""modified_31516"">
								« <em>Last Edit: October 19, 2020, 07:44:56 pm by traitorAIZEN</em> »
							</div>"
169,394,"<div class=""smalltext modified"" id=""modified_31516"">
								« <em>Last Edit: October 19, 2020, 07:44:56 pm by traitorAIZEN</em> »
							</div>"
170,400,"<div class=""smalltext modified"" id=""modified_37781"">
								« <em>Last Edit: December 14, 2021, 12:06:58 pm by traitorAIZEN</em> »
							</div>"
171,405,"<div class=""smalltext modified"" id=""modified_38376"">
								« <em>Last Edit: December 29, 2021, 01:00:19 pm by traitorAIZEN</em> »
							</div>"
172,406,"<div class=""smalltext modified"" id=""modified_22208"">
								« <em>Last Edit: October 19, 2020, 07:58:28 pm by traitorAIZEN</em> »
							</div>"
173,408,"<div class=""smalltext modified"" id=""modified_38770"">
								« <em>Last Edit: June 29, 2021, 06:18:10 am by traitorAIZEN</em> »
							</div>"
174,410,"<div class=""smalltext modified"" id=""modified_18368"">
								« <em>Last Edit: March 24, 2021, 06:11:18 pm by traitorAIZEN</em> »
							</div>"
175,412,"<div class=""smalltext modified"" id=""modified_26924"">
								« <em>Last Edit: October 19, 2020, 08:45:54 pm by traitorAIZEN</em> »
							</div>"
176,414,"<div class=""smalltext modified"" id=""modified_21884"">
								« <em>Last Edit: January 19, 2022, 07:47:13 pm by traitorAIZEN</em> »
							</div>"
177,416,"<div class=""smalltext modified"" id=""modified_22474"">
								« <em>Last Edit: October 19, 2020, 08:04:59 pm by traitorAIZEN</em> »
							</div>"
178,420,"<div class=""smalltext modified"" id=""modified_39018"">
								« <em>Last Edit: March 25, 2021, 08:44:40 am by traitorAIZEN</em> »
							</div>"
179,421,"<div class=""smalltext modified"" id=""modified_39041"">
								« <em>Last Edit: October 19, 2020, 11:28:32 pm by traitorAIZEN</em> »
							</div>"
180,422,"<div class=""smalltext modified"" id=""modified_39182"">
								« <em>Last Edit: January 12, 2022, 07:16:56 pm by traitorAIZEN</em> »
							</div>"
181,423,"<div class=""smalltext modified"" id=""modified_39292"">
								« <em>Last Edit: October 19, 2020, 11:29:27 pm by traitorAIZEN</em> »
							</div>"
182,424,"<div class=""smalltext modified"" id=""modified_39509"">
								« <em>Last Edit: December 31, 2020, 04:03:46 pm by traitorAIZEN</em> »
							</div>"
183,426,"<div class=""smalltext modified"" id=""modified_39606"">
								« <em>Last Edit: October 19, 2020, 11:32:41 pm by traitorAIZEN</em> »
							</div>"
184,427,"<div class=""smalltext modified"" id=""modified_39662"">
								« <em>Last Edit: November 17, 2021, 11:22:55 am by traitorAIZEN</em> »
							</div>"
185,434,"<div class=""smalltext modified"" id=""modified_40121"">
								« <em>Last Edit: December 23, 2021, 04:53:17 am by traitorAIZEN</em> »
							</div>"
186,436,"<div class=""smalltext modified"" id=""modified_40322"">
								« <em>Last Edit: April 01, 2021, 11:13:44 am by traitorAIZEN</em> »
							</div>"
187,437,"<div class=""smalltext modified"" id=""modified_40321"">
								« <em>Last Edit: October 19, 2020, 11:39:06 pm by traitorAIZEN</em> »
							</div>"
188,439,"<div class=""smalltext modified"" id=""modified_40537"">
								« <em>Last Edit: July 31, 2021, 06:08:07 am by traitorAIZEN</em> »
							</div>"
189,440,"<div class=""smalltext modified"" id=""modified_40536"">
								« <em>Last Edit: December 16, 2021, 05:39:09 am by traitorAIZEN</em> »
							</div>"
190,441,"<div class=""smalltext modified"" id=""modified_40534"">
								« <em>Last Edit: December 15, 2021, 06:23:11 am by traitorAIZEN</em> »
							</div>"
191,443,"<div class=""smalltext modified"" id=""modified_40654"">
								« <em>Last Edit: October 19, 2020, 11:41:34 pm by traitorAIZEN</em> »
							</div>"
192,444,"<div class=""smalltext modified"" id=""modified_40727"">
								« <em>Last Edit: October 19, 2020, 11:43:19 pm by traitorAIZEN</em> »
							</div>"
193,445,"<div class=""smalltext modified"" id=""modified_40726"">
								« <em>Last Edit: November 30, 2021, 07:48:18 am by traitorAIZEN</em> »
							</div>"
194,448,"<div class=""smalltext modified"" id=""modified_40837"">
								« <em>Last Edit: December 26, 2021, 07:26:07 am by traitorAIZEN</em> »
							</div>"
195,455,"<div class=""smalltext modified"" id=""modified_41118"">
								« <em>Last Edit: October 19, 2020, 11:52:29 pm by traitorAIZEN</em> »
							</div>"
196,457,"<div class=""smalltext modified"" id=""modified_41116"">
								« <em>Last Edit: September 11, 2021, 05:23:09 am by traitorAIZEN</em> »
							</div>"
197,459,"<div class=""smalltext modified"" id=""modified_41164"">
								« <em>Last Edit: October 19, 2020, 11:53:39 pm by traitorAIZEN</em> »
							</div>"
198,460,"<div class=""smalltext modified"" id=""modified_41163"">
								« <em>Last Edit: January 19, 2021, 01:03:16 pm by traitorAIZEN</em> »
							</div>"
199,462,"<div class=""smalltext modified"" id=""modified_41193"">
								« <em>Last Edit: <strong>Today</strong> at 09:27:34 am by traitorAIZEN</em> »
							</div>"
200,464,"<div class=""smalltext modified"" id=""modified_41205"">
								« <em>Last Edit: September 13, 2021, 08:45:23 am by traitorAIZEN</em> »
							</div>"
201,466,"<div class=""smalltext modified"" id=""modified_41219"">
								« <em>Last Edit: July 08, 2021, 06:35:21 pm by traitorAIZEN</em> »
							</div>"
202,467,"<div class=""smalltext modified"" id=""modified_41218"">
								« <em>Last Edit: December 10, 2021, 07:14:27 am by traitorAIZEN</em> »
							</div>"
203,470,"<div class=""smalltext modified"" id=""modified_41638"">
								« <em>Last Edit: November 28, 2020, 12:52:14 pm by traitorAIZEN</em> »
							</div>"
204,471,"<div class=""smalltext modified"" id=""modified_41658"">
								« <em>Last Edit: December 05, 2021, 04:07:27 am by traitorAIZEN</em> »
							</div>"
205,474,"<div class=""smalltext modified"" id=""modified_41760"">
								« <em>Last Edit: July 20, 2021, 03:09:11 am by traitorAIZEN</em> »
							</div>"
206,476,"<div class=""smalltext modified"" id=""modified_42094"">
								« <em>Last Edit: December 08, 2021, 04:05:18 am by traitorAIZEN</em> »
							</div>"
207,480,"<div class=""smalltext modified"" id=""modified_42170"">
								« <em>Last Edit: October 20, 2020, 12:06:57 am by traitorAIZEN</em> »
							</div>"
208,483,"<div class=""smalltext modified"" id=""modified_42272"">
								« <em>Last Edit: July 22, 2021, 09:30:59 am by traitorAIZEN</em> »
							</div>"
209,484,"<div class=""smalltext modified"" id=""modified_42296"">
								« <em>Last Edit: January 18, 2022, 10:10:41 am by traitorAIZEN</em> »
							</div>"
210,485,"<div class=""smalltext modified"" id=""modified_42336"">
								« <em>Last Edit: November 04, 2021, 07:39:16 am by traitorAIZEN</em> »
							</div>"
211,487,"<div class=""smalltext modified"" id=""modified_42354"">
								« <em>Last Edit: October 20, 2020, 12:11:50 am by traitorAIZEN</em> »
							</div>"
212,489,"<div class=""smalltext modified"" id=""modified_42352"">
								« <em>Last Edit: December 31, 2021, 06:21:48 am by traitorAIZEN</em> »
							</div>"
213,490,"<div class=""smalltext modified"" id=""modified_42429"">
								« <em>Last Edit: <strong>Yesterday</strong> at 07:44:09 am by traitorAIZEN</em> »
							</div>"
214,491,"<div class=""smalltext modified"" id=""modified_42448"">
								« <em>Last Edit: October 20, 2020, 12:13:20 am by traitorAIZEN</em> »
							</div>"
215,492,"<div class=""smalltext modified"" id=""modified_42462"">
								« <em>Last Edit: December 01, 2021, 07:23:59 am by traitorAIZEN</em> »
							</div>"
216,497,"<div class=""smalltext modified"" id=""modified_42627"">
								« <em>Last Edit: October 16, 2021, 11:08:30 pm by traitorAIZEN</em> »
							</div>"
217,501,"<div class=""smalltext modified"" id=""modified_42710"">
								« <em>Last Edit: October 24, 2021, 05:52:21 pm by traitorAIZEN</em> »
							</div>"
218,502,"<div class=""smalltext modified"" id=""modified_42817"">
								« <em>Last Edit: September 17, 2021, 09:15:04 am by traitorAIZEN</em> »
							</div>"
219,507,"<div class=""smalltext modified"" id=""modified_42946"">
								« <em>Last Edit: December 13, 2021, 11:51:17 am by traitorAIZEN</em> »
							</div>"
220,510,"<div class=""smalltext modified"" id=""modified_43095"">
								« <em>Last Edit: September 13, 2021, 08:45:04 am by traitorAIZEN</em> »
							</div>"
221,511,"<div class=""smalltext modified"" id=""modified_43155"">
								« <em>Last Edit: October 06, 2021, 10:17:56 am by traitorAIZEN</em> »
							</div>"
222,512,"<div class=""smalltext modified"" id=""modified_43153"">
								« <em>Last Edit: February 23, 2021, 11:02:32 pm by traitorAIZEN</em> »
							</div>"
223,515,"<div class=""smalltext modified"" id=""modified_43347"">
								« <em>Last Edit: August 11, 2021, 07:12:38 pm by traitorAIZEN</em> »
							</div>"
224,516,"<div class=""smalltext modified"" id=""modified_43376"">
								« <em>Last Edit: December 01, 2020, 06:12:16 pm by traitorAIZEN</em> »
							</div>"
225,517,"<div class=""smalltext modified"" id=""modified_43397"">
								« <em>Last Edit: April 28, 2021, 07:56:11 am by traitorAIZEN</em> »
							</div>"
226,520,"<div class=""smalltext modified"" id=""modified_43558"">
								« <em>Last Edit: November 27, 2020, 06:29:35 pm by traitorAIZEN</em> »
							</div>"
227,525,"<div class=""smalltext modified"" id=""modified_43605"">
								« <em>Last Edit: January 09, 2022, 06:37:44 am by traitorAIZEN</em> »
							</div>"
228,526,"<div class=""smalltext modified"" id=""modified_43694"">
								« <em>Last Edit: July 31, 2021, 06:09:08 am by traitorAIZEN</em> »
							</div>"
229,528,"<div class=""smalltext modified"" id=""modified_43735"">
								« <em>Last Edit: October 20, 2020, 12:36:57 am by traitorAIZEN</em> »
							</div>"
230,530,"<div class=""smalltext modified"" id=""modified_43749"">
								« <em>Last Edit: January 13, 2022, 08:35:43 pm by traitorAIZEN</em> »
							</div>"
231,531,"<div class=""smalltext modified"" id=""modified_43810"">
								« <em>Last Edit: October 20, 2020, 12:39:35 am by traitorAIZEN</em> »
							</div>"
232,536,"<div class=""smalltext modified"" id=""modified_43866"">
								« <em>Last Edit: December 31, 2021, 06:22:48 am by traitorAIZEN</em> »
							</div>"
233,538,"<div class=""smalltext modified"" id=""modified_43886"">
								« <em>Last Edit: October 13, 2021, 07:00:41 pm by traitorAIZEN</em> »
							</div>"
234,539,"<div class=""smalltext modified"" id=""modified_43885"">
								« <em>Last Edit: January 14, 2022, 06:52:44 pm by traitorAIZEN</em> »
							</div>"
235,540,"<div class=""smalltext modified"" id=""modified_43951"">
								« <em>Last Edit: October 27, 2021, 04:27:42 pm by traitorAIZEN</em> »
							</div>"
236,541,"<div class=""smalltext modified"" id=""modified_43962"">
								« <em>Last Edit: December 13, 2021, 11:50:41 am by traitorAIZEN</em> »
							</div>"
237,544,"<div class=""smalltext modified"" id=""modified_43973"">
								« <em>Last Edit: January 03, 2021, 11:48:58 am by traitorAIZEN</em> »
							</div>"
238,546,"<div class=""smalltext modified"" id=""modified_44041"">
								« <em>Last Edit: October 05, 2021, 07:43:15 am by traitorAIZEN</em> »
							</div>"
239,548,"<div class=""smalltext modified"" id=""modified_44056"">
								« <em>Last Edit: August 30, 2021, 08:37:23 am by traitorAIZEN</em> »
							</div>"
240,553,"<div class=""smalltext modified"" id=""modified_44109"">
								« <em>Last Edit: October 20, 2020, 12:51:58 am by traitorAIZEN</em> »
							</div>"
241,554,"<div class=""smalltext modified"" id=""modified_44109"">
								« <em>Last Edit: October 20, 2020, 12:51:58 am by traitorAIZEN</em> »
							</div>"
242,556,"<div class=""smalltext modified"" id=""modified_44157"">
								« <em>Last Edit: December 15, 2021, 06:20:23 am by traitorAIZEN</em> »
							</div>"
243,560,"<div class=""smalltext modified"" id=""modified_44157"">
								« <em>Last Edit: December 15, 2021, 06:20:23 am by traitorAIZEN</em> »
							</div>"
244,562,"<div class=""smalltext modified"" id=""modified_44336"">
								« <em>Last Edit: December 26, 2021, 07:25:28 am by traitorAIZEN</em> »
							</div>"
245,564,"<div class=""smalltext modified"" id=""modified_44646"">
								« <em>Last Edit: December 08, 2021, 04:05:27 am by traitorAIZEN</em> »
							</div>"
246,568,"<div class=""smalltext modified"" id=""modified_44762"">
								« <em>Last Edit: July 07, 2021, 07:11:40 pm by traitorAIZEN</em> »
							</div>"
247,569,"<div class=""smalltext modified"" id=""modified_44782"">
								« <em>Last Edit: November 12, 2021, 06:27:02 am by traitorAIZEN</em> »
							</div>"
248,570,"<div class=""smalltext modified"" id=""modified_44801"">
								« <em>Last Edit: July 06, 2021, 08:26:46 pm by traitorAIZEN</em> »
							</div>"
249,571,"<div class=""smalltext modified"" id=""modified_44800"">
								« <em>Last Edit: August 28, 2021, 08:37:23 am by traitorAIZEN</em> »
							</div>"
250,573,"<div class=""smalltext modified"" id=""modified_44818"">
								« <em>Last Edit: February 13, 2021, 01:47:45 pm by traitorAIZEN</em> »
							</div>"
251,574,"<div class=""smalltext modified"" id=""modified_44854"">
								« <em>Last Edit: March 16, 2021, 01:23:02 pm by traitorAIZEN</em> »
							</div>"
252,575,"<div class=""smalltext modified"" id=""modified_44916"">
								« <em>Last Edit: July 26, 2021, 08:53:44 pm by traitorAIZEN</em> »
							</div>"
253,577,"<div class=""smalltext modified"" id=""modified_44964"">
								« <em>Last Edit: December 17, 2021, 03:13:40 am by traitorAIZEN</em> »
							</div>"
254,578,"<div class=""smalltext modified"" id=""modified_44963"">
								« <em>Last Edit: November 04, 2021, 07:38:45 am by traitorAIZEN</em> »
							</div>"
255,579,"<div class=""smalltext modified"" id=""modified_44963"">
								« <em>Last Edit: November 04, 2021, 07:38:45 am by traitorAIZEN</em> »
							</div>"
256,581,"<div class=""smalltext modified"" id=""modified_44963"">
								« <em>Last Edit: November 04, 2021, 07:38:45 am by traitorAIZEN</em> »
							</div>"
257,582,"<div class=""smalltext modified"" id=""modified_45010"">
								« <em>Last Edit: October 13, 2021, 07:01:00 pm by traitorAIZEN</em> »
							</div>"
258,583,"<div class=""smalltext modified"" id=""modified_45010"">
								« <em>Last Edit: October 13, 2021, 07:01:00 pm by traitorAIZEN</em> »
							</div>"
259,584,"<div class=""smalltext modified"" id=""modified_45053"">
								« <em>Last Edit: June 04, 2021, 06:59:22 am by traitorAIZEN</em> »
							</div>"
260,585,"<div class=""smalltext modified"" id=""modified_45052"">
								« <em>Last Edit: September 09, 2021, 07:55:43 pm by traitorAIZEN</em> »
							</div>"
261,586,"<div class=""smalltext modified"" id=""modified_45052"">
								« <em>Last Edit: September 09, 2021, 07:55:43 pm by traitorAIZEN</em> »
							</div>"
262,587,"<div class=""smalltext modified"" id=""modified_45052"">
								« <em>Last Edit: September 09, 2021, 07:55:43 pm by traitorAIZEN</em> »
							</div>"
263,588,"<div class=""smalltext modified"" id=""modified_45052"">
								« <em>Last Edit: September 09, 2021, 07:55:43 pm by traitorAIZEN</em> »
							</div>"
264,590,"<div class=""smalltext modified"" id=""modified_45271"">
								« <em>Last Edit: December 21, 2021, 04:00:24 am by traitorAIZEN</em> »
							</div>"
265,591,"<div class=""smalltext modified"" id=""modified_45270"">
								« <em>Last Edit: January 24, 2022, 06:48:28 am by traitorAIZEN</em> »
							</div>"
266,592,"<div class=""smalltext modified"" id=""modified_45346"">
								« <em>Last Edit: January 03, 2022, 07:05:33 pm by traitorAIZEN</em> »
							</div>"
267,594,"<div class=""smalltext modified"" id=""modified_45454"">
								« <em>Last Edit: July 04, 2021, 07:13:44 pm by traitorAIZEN</em> »
							</div>"
268,596,"<div class=""smalltext modified"" id=""modified_45519"">
								« <em>Last Edit: August 06, 2021, 06:54:12 am by traitorAIZEN</em> »
							</div>"
269,597,"<div class=""smalltext modified"" id=""modified_45518"">
								« <em>Last Edit: April 13, 2021, 07:15:29 pm by traitorAIZEN</em> »
							</div>"
270,600,"<div class=""smalltext modified"" id=""modified_45518"">
								« <em>Last Edit: April 13, 2021, 07:15:29 pm by traitorAIZEN</em> »
							</div>"
271,602,"<div class=""smalltext modified"" id=""modified_45817"">
								« <em>Last Edit: July 30, 2021, 07:30:19 am by traitorAIZEN</em> »
							</div>"
272,607,"<div class=""smalltext modified"" id=""modified_45972"">
								« <em>Last Edit: December 16, 2021, 05:40:11 am by traitorAIZEN</em> »
							</div>"
273,608,"<div class=""smalltext modified"" id=""modified_46018"">
								« <em>Last Edit: November 22, 2021, 06:30:29 am by traitorAIZEN</em> »
							</div>"
274,614,"<div class=""smalltext modified"" id=""modified_46389"">
								« <em>Last Edit: May 31, 2021, 03:28:50 am by traitorAIZEN</em> »
							</div>"
275,615,"<div class=""smalltext modified"" id=""modified_46389"">
								« <em>Last Edit: May 31, 2021, 03:28:50 am by traitorAIZEN</em> »
							</div>"
276,620,"<div class=""smalltext modified"" id=""modified_46566"">
								« <em>Last Edit: November 02, 2021, 05:59:58 am by traitorAIZEN</em> »
							</div>"
277,621,"<div class=""smalltext modified"" id=""modified_46605"">
								« <em>Last Edit: December 10, 2021, 07:13:27 am by traitorAIZEN</em> »
							</div>"
278,622,"<div class=""smalltext modified"" id=""modified_46605"">
								« <em>Last Edit: December 10, 2021, 07:13:27 am by traitorAIZEN</em> »
							</div>"
279,640,"<div class=""smalltext modified"" id=""modified_47242"">
								« <em>Last Edit: October 26, 2021, 10:41:29 pm by traitorAIZEN</em> »
							</div>"
280,641,"<div class=""smalltext modified"" id=""modified_47242"">
								« <em>Last Edit: October 26, 2021, 10:41:29 pm by traitorAIZEN</em> »
							</div>"
281,650,"<div class=""smalltext modified"" id=""modified_47242"">
								« <em>Last Edit: October 26, 2021, 10:41:29 pm by traitorAIZEN</em> »
							</div>"
282,661,"<div class=""smalltext modified"" id=""modified_47242"">
								« <em>Last Edit: October 26, 2021, 10:41:29 pm by traitorAIZEN</em> »
							</div>"
283,663,"<div class=""smalltext modified"" id=""modified_47961"">
								« <em>Last Edit: December 24, 2021, 11:04:40 am by traitorAIZEN</em> »
							</div>"
284,669,"<div class=""smalltext modified"" id=""modified_48180"">
								« <em>Last Edit: January 17, 2022, 08:36:35 am by traitorAIZEN</em> »
							</div>"
285,670,"<div class=""smalltext modified"" id=""modified_48180"">
								« <em>Last Edit: January 17, 2022, 08:36:35 am by traitorAIZEN</em> »
							</div>"
286,676,"<div class=""smalltext modified"" id=""modified_48375"">
								« <em>Last Edit: January 13, 2022, 08:36:09 pm by traitorAIZEN</em> »
							</div>"
287,678,"<div class=""smalltext modified"" id=""modified_48382"">
								« <em>Last Edit: December 10, 2021, 07:13:59 am by traitorAIZEN</em> »
							</div>"
288,682,"<div class=""smalltext modified"" id=""modified_48436"">
								« <em>Last Edit: January 09, 2022, 06:38:28 am by traitorAIZEN</em> »
							</div>"
289,686,"<div class=""smalltext modified"" id=""modified_48436"">
								« <em>Last Edit: January 09, 2022, 06:38:28 am by traitorAIZEN</em> »
							</div>"
290,699,"<div class=""smalltext modified"" id=""modified_48436"">
								« <em>Last Edit: January 09, 2022, 06:38:28 am by traitorAIZEN</em> »
							</div>"
